{
  "model_name": "Baseline TF-IDF + LR",
  "accuracy": 0.8833904948554631,
  "precision": 0.8835621220874921,
  "recall": 0.8833904948554631,
  "f1": 0.8834346784889956,
  "precision_per_class": [
    0.8952977470318781,
    0.8702769484196438
  ],
  "recall_per_class": [
    0.8837316600535203,
    0.8830042828789303
  ],
  "f1_per_class": [
    0.8894771059719513,
    0.8765944208233952
  ],
  "confusion_matrix": [
    [
      9577,
      1260
    ],
    [
      1120,
      8453
    ]
  ],
  "classification_report": {
    "0": {
      "precision": 0.8952977470318781,
      "recall": 0.8837316600535203,
      "f1-score": 0.8894771059719513,
      "support": 10837.0
    },
    "1": {
      "precision": 0.8702769484196438,
      "recall": 0.8830042828789303,
      "f1-score": 0.8765944208233952,
      "support": 9573.0
    },
    "accuracy": 0.8833904948554631,
    "macro avg": {
      "precision": 0.882787347725761,
      "recall": 0.8833679714662253,
      "f1-score": 0.8830357633976733,
      "support": 20410.0
    },
    "weighted avg": {
      "precision": 0.8835621220874921,
      "recall": 0.8833904948554631,
      "f1-score": 0.8834346784889956,
      "support": 20410.0
    }
  },
  "roc_auc": 0.9657703878081869
}